cps,sps,sm,md,lr,mi,cv_wape
0.01,10.0,additive,5,0.1,200,0.27041454088665384
0.01,1.0,multiplicative,5,0.2,50,0.2707651250609965
0.05,10.0,additive,5,0.1,50,0.2717827065625513
0.01,1.0,multiplicative,5,0.1,100,0.2719217129146865
0.01,0.1,additive,5,0.2,50,0.27232960852694077
0.1,10.0,additive,7,0.2,200,0.2725881337221784
0.1,0.1,multiplicative,7,0.1,50,0.27278224448418
0.05,1.0,multiplicative,5,0.2,50,0.2728429824022107
0.1,10.0,multiplicative,7,0.1,200,0.27285615401935304
0.01,10.0,multiplicative,5,0.1,50,0.27285884210633626
0.01,1.0,additive,5,0.2,100,0.2730614941127898
0.01,1.0,additive,5,0.2,200,0.2732650503799541
0.1,10.0,multiplicative,5,0.2,200,0.27329096347062876
0.05,10.0,multiplicative,5,0.2,50,0.2738118135270297
0.05,1.0,multiplicative,5,0.1,200,0.2738643682827496
0.01,0.1,additive,5,0.2,100,0.2741681151625043
0.01,0.1,additive,7,0.1,100,0.27429116353047384
0.01,0.1,multiplicative,7,0.1,50,0.2745192928090789
0.01,10.0,additive,5,0.2,50,0.2745394459232393
0.01,1.0,multiplicative,5,0.2,100,0.27455156064769437
0.1,1.0,additive,5,0.2,100,0.27466426906944164
0.01,10.0,additive,5,0.2,100,0.2748717959237112
0.01,10.0,multiplicative,5,0.2,50,0.2748853714375714
0.05,0.1,multiplicative,5,0.1,200,0.27492316650434195
0.05,10.0,multiplicative,7,0.1,100,0.2751212942658558
0.05,1.0,multiplicative,5,0.1,100,0.27527060201740317
0.05,1.0,additive,5,0.2,200,0.27533016746426264
0.01,1.0,additive,5,0.1,100,0.27558090795229273
0.01,0.1,additive,7,0.2,200,0.27562075941476283
0.1,1.0,multiplicative,5,0.2,50,0.27564316144688583
0.05,0.1,multiplicative,5,0.2,200,0.2756462252125916
0.05,10.0,multiplicative,7,0.1,50,0.27570497147142325
0.05,1.0,additive,5,0.1,50,0.27579548347242666
0.05,10.0,additive,7,0.1,50,0.2758370876679058
0.01,1.0,multiplicative,5,0.1,200,0.2758435295296614
0.1,10.0,multiplicative,5,0.2,50,0.2762848497731658
0.05,10.0,additive,7,0.2,200,0.276398941476427
0.01,10.0,additive,7,0.1,200,0.2765147694269897
0.05,10.0,multiplicative,5,0.1,50,0.2765491474357681
0.05,1.0,multiplicative,7,0.2,100,0.27661199316649343
0.01,10.0,multiplicative,7,0.1,200,0.2766571415541703
0.05,10.0,additive,5,0.2,50,0.27682261976631817
0.05,10.0,multiplicative,5,0.1,100,0.2768506315542796
0.01,0.1,multiplicative,5,0.1,200,0.27693782648657156
0.05,1.0,additive,7,0.1,50,0.2769890219675743
0.1,0.1,multiplicative,5,0.1,50,0.2770615956377628
0.01,10.0,additive,7,0.2,50,0.277122503741001
0.05,10.0,multiplicative,5,0.1,200,0.2771529349531173
0.05,10.0,additive,5,0.1,200,0.2771788823169596
0.01,10.0,multiplicative,7,0.1,50,0.2771959660349478
0.05,10.0,additive,5,0.2,100,0.27721545883115756
0.01,1.0,multiplicative,5,0.2,200,0.2772823054045931
0.05,10.0,multiplicative,5,0.2,100,0.27729463589847647
0.05,0.1,multiplicative,5,0.2,50,0.2773157128052442
0.05,1.0,multiplicative,7,0.1,50,0.277423201422327
0.05,1.0,additive,5,0.2,50,0.27748561749819656
0.01,0.1,multiplicative,5,0.2,50,0.27761302244629565
0.01,1.0,additive,7,0.2,200,0.27770450204645186
0.01,10.0,additive,7,0.1,50,0.27776398554053283
0.05,10.0,additive,3,0.2,50,0.2777737572875292
0.5,1.0,multiplicative,5,0.2,200,0.2777933343299256
0.05,10.0,additive,7,0.1,100,0.27788411785035
0.01,0.1,additive,5,0.1,100,0.2779200401502714
0.01,1.0,additive,7,0.2,50,0.27801489824431425
0.1,1.0,multiplicative,5,0.1,200,0.2781001922066447
0.01,1.0,multiplicative,7,0.2,50,0.278164110684758
0.1,10.0,additive,3,0.1,200,0.2781684619356042
0.1,10.0,additive,7,0.1,50,0.2782169460499171
0.05,0.1,multiplicative,7,0.1,200,0.2782286676836344
0.1,1.0,multiplicative,7,0.2,200,0.2782378672821914
0.01,10.0,additive,3,0.1,100,0.278312085336881
0.01,0.1,additive,7,0.1,50,0.27831419933497886
0.3,1.0,additive,5,0.1,200,0.27832555642506285
0.1,0.1,multiplicative,5,0.2,50,0.2783992131841007
0.05,0.1,additive,3,0.2,100,0.2783999743147484
0.01,0.1,additive,3,0.2,100,0.27844952883501634
0.01,10.0,multiplicative,5,0.2,100,0.27845575874146183
0.05,10.0,additive,7,0.2,100,0.2785096589702044
0.05,0.1,multiplicative,5,0.1,100,0.278546008310663
0.1,0.1,multiplicative,5,0.1,200,0.27857840528685485
0.1,1.0,multiplicative,5,0.1,100,0.2786327942049787
0.01,1.0,multiplicative,5,0.1,50,0.2786532031652962
0.01,1.0,additive,5,0.1,200,0.2787055888207385
0.1,1.0,multiplicative,7,0.1,200,0.2787384302646973
0.05,1.0,multiplicative,7,0.2,200,0.2787699355875429
0.1,10.0,additive,7,0.1,200,0.2788125693777368
0.1,0.1,additive,5,0.1,100,0.2788250421343469
0.01,10.0,multiplicative,5,0.2,200,0.27887212840992875
0.01,10.0,additive,5,0.1,50,0.27892541088989975
0.05,10.0,additive,5,0.2,200,0.27892827661813946
0.01,0.1,multiplicative,5,0.2,100,0.2789745767758761
0.1,10.0,multiplicative,5,0.1,50,0.2789861228719655
0.1,10.0,multiplicative,5,0.1,100,0.2790084608814519
0.05,10.0,additive,3,0.2,200,0.27905106555343306
0.01,0.1,additive,7,0.2,100,0.27907506120115877
0.1,10.0,multiplicative,7,0.1,100,0.2790991682612061
0.01,1.0,additive,3,0.2,200,0.27927313717050206
0.01,0.1,multiplicative,7,0.1,100,0.2793174999336202
0.1,10.0,multiplicative,7,0.2,50,0.279326519127988
0.05,0.1,additive,5,0.2,200,0.27932829109599416
0.01,0.1,additive,5,0.1,50,0.27939356678454147
0.01,0.1,multiplicative,5,0.1,50,0.2794234681710752
0.01,10.0,multiplicative,5,0.1,200,0.27944929814259944
0.05,10.0,additive,5,0.1,100,0.27948273922711214
0.1,10.0,additive,3,0.2,200,0.27950797061866894
0.5,10.0,multiplicative,7,0.2,200,0.2796635518444154
0.05,0.1,multiplicative,7,0.2,50,0.27968109139182457
0.01,10.0,multiplicative,7,0.2,50,0.27969318496620954
0.05,0.1,multiplicative,7,0.2,100,0.27970852343961516
0.1,1.0,additive,7,0.1,100,0.2797172216720797
0.1,0.1,multiplicative,5,0.2,200,0.2797453759422634
0.01,10.0,multiplicative,3,0.2,100,0.27975435587743913
0.1,0.1,additive,7,0.1,50,0.27992559607570655
0.05,1.0,additive,5,0.1,100,0.2800263875306207
0.01,0.1,additive,7,0.1,200,0.28003553130909287
0.05,0.1,multiplicative,5,0.1,50,0.2800648168703267
0.01,10.0,multiplicative,7,0.2,100,0.2800685828581836
0.1,10.0,additive,7,0.1,100,0.2800919097922441
0.01,10.0,additive,7,0.2,200,0.28009584547094135
0.01,1.0,additive,7,0.1,200,0.28010663454915286
0.01,1.0,additive,7,0.1,100,0.2801398929754687
0.3,1.0,additive,3,0.2,200,0.28022549096445887
0.01,0.1,multiplicative,7,0.2,50,0.2802668026747739
0.3,0.1,additive,7,0.2,100,0.28027300130154353
0.1,0.1,multiplicative,7,0.1,200,0.28031985538654924
0.1,1.0,multiplicative,5,0.2,200,0.28032800227470156
0.1,10.0,additive,5,0.1,50,0.2803961735189266
0.3,0.1,additive,7,0.1,50,0.2804248572039043
0.01,1.0,additive,5,0.1,50,0.2804607433592461
0.1,10.0,multiplicative,7,0.2,100,0.28048269050799224
0.1,0.1,additive,5,0.1,50,0.2805554091054262
0.3,10.0,multiplicative,7,0.1,50,0.28073517981910123
0.01,0.1,multiplicative,5,0.1,100,0.2807509363850188
0.1,1.0,multiplicative,7,0.2,50,0.2807757721385956
0.3,0.1,additive,5,0.1,200,0.28081618219515114
0.1,1.0,additive,5,0.1,50,0.28083611909096934
0.05,0.1,multiplicative,7,0.1,100,0.28084965790006655
0.1,1.0,additive,5,0.1,100,0.28090891060633877
0.3,1.0,additive,7,0.1,100,0.28096859395872714
0.01,0.1,additive,3,0.2,50,0.28099656898715625
0.01,10.0,multiplicative,3,0.1,100,0.28100932796215344
0.01,0.1,multiplicative,7,0.1,200,0.28106672167669444
0.1,0.1,additive,7,0.2,200,0.2810736178347184
0.05,0.1,additive,3,0.2,50,0.28110768490834825
0.01,10.0,multiplicative,7,0.1,100,0.28111522176904635
0.3,10.0,additive,7,0.2,100,0.281128593833318
0.05,10.0,multiplicative,7,0.2,100,0.28114787718277656
0.01,0.1,multiplicative,7,0.2,200,0.28117271868705784
0.1,0.1,additive,5,0.1,200,0.2811742041717924
0.1,1.0,additive,5,0.1,200,0.28118680271754876
0.3,0.1,multiplicative,7,0.1,200,0.28119359972440416
0.05,0.1,additive,5,0.1,100,0.28119756148310726
0.05,0.1,additive,5,0.1,50,0.28120635698956176
0.01,1.0,additive,5,0.2,50,0.2812443894997158
0.05,1.0,multiplicative,7,0.1,100,0.28130944309000494
0.05,1.0,additive,5,0.2,100,0.2814172687965648
0.1,10.0,additive,5,0.2,200,0.28142511645993695
0.05,10.0,additive,7,0.2,50,0.28144990748641746
0.05,1.0,additive,7,0.1,200,0.2814906618229732
0.01,0.1,additive,5,0.2,200,0.2814950997820853
0.01,0.1,additive,5,0.1,200,0.2814982422047857
0.1,10.0,additive,7,0.2,100,0.28150121172719955
0.05,1.0,additive,7,0.1,100,0.28150435852793654
0.01,1.0,multiplicative,3,0.2,100,0.2815133460559781
0.1,10.0,multiplicative,7,0.1,50,0.2815181334794736
0.3,10.0,multiplicative,7,0.2,100,0.28153422120600935
0.1,0.1,additive,5,0.2,100,0.2815457477521001
0.1,0.1,additive,5,0.2,200,0.281570857669585
0.05,10.0,additive,7,0.1,200,0.28159582259976784
0.1,10.0,additive,5,0.2,50,0.2816031532500248
0.1,1.0,additive,5,0.2,200,0.28166094731468067
0.5,0.1,additive,7,0.1,200,0.2816846105662768
0.1,1.0,additive,7,0.1,200,0.28173133710196646
0.1,1.0,multiplicative,7,0.1,100,0.28175213985287906
0.3,10.0,additive,7,0.1,100,0.28176639512523916
0.01,1.0,multiplicative,3,0.1,200,0.28181559707936266
0.01,0.1,multiplicative,5,0.2,200,0.2819274915989965
0.5,10.0,additive,7,0.1,50,0.28195147115056396
0.01,10.0,additive,5,0.2,200,0.2820464368444769
0.1,1.0,multiplicative,7,0.2,100,0.2821574553665742
0.3,10.0,additive,5,0.2,100,0.28217113301921676
0.05,0.1,additive,7,0.1,200,0.28217369675745685
0.1,0.1,additive,7,0.1,200,0.2822089731032912
0.01,1.0,multiplicative,3,0.2,50,0.2822197904635307
0.01,0.1,additive,3,0.1,200,0.2822228143789254
0.05,0.1,additive,3,0.1,200,0.28222975163805364
0.01,10.0,multiplicative,3,0.1,200,0.2822564673194451
0.3,10.0,additive,5,0.2,200,0.28226177251687357
0.01,10.0,additive,7,0.2,100,0.2822702695329858
0.1,10.0,multiplicative,3,0.2,200,0.28233227757771473
0.05,10.0,multiplicative,7,0.1,200,0.2823618270129171
0.1,1.0,multiplicative,5,0.1,50,0.28236345668761303
0.01,1.0,additive,3,0.2,100,0.28241643090343016
0.1,10.0,multiplicative,5,0.2,100,0.2824291397930705
0.05,0.1,additive,3,0.1,100,0.28256307949053755
0.05,10.0,multiplicative,5,0.2,200,0.2826287860292153
0.05,10.0,multiplicative,7,0.2,50,0.28269621261242056
0.05,0.1,additive,7,0.1,100,0.2826997307933886
0.01,0.1,multiplicative,3,0.1,200,0.28271023843433124
0.01,1.0,additive,7,0.1,50,0.28273783824326537
0.05,1.0,additive,5,0.1,200,0.2827914240705629
0.1,0.1,multiplicative,5,0.1,100,0.28283534012526745
0.1,0.1,additive,7,0.2,50,0.28309363467962617
0.01,0.1,multiplicative,3,0.1,100,0.2831437981799102
0.05,0.1,additive,5,0.1,200,0.2831569078164642
0.05,1.0,multiplicative,3,0.2,200,0.2832247516099681
0.01,0.1,additive,7,0.2,50,0.2832357842313346
0.3,0.1,additive,5,0.1,100,0.2832581185331268
0.01,1.0,multiplicative,7,0.1,100,0.28327435629679854
0.05,0.1,multiplicative,3,0.1,100,0.28346685668337823
0.1,0.1,multiplicative,7,0.1,100,0.28356874495918805
0.05,1.0,additive,7,0.2,50,0.2835836152347602
0.1,10.0,additive,7,0.2,50,0.28366458819336304
0.3,0.1,multiplicative,5,0.2,100,0.28370069252977287
0.01,10.0,multiplicative,5,0.1,100,0.2837188816889203
0.5,0.1,additive,5,0.1,200,0.2838038628789472
0.01,1.0,additive,7,0.2,100,0.2838067402754556
0.05,1.0,multiplicative,7,0.1,200,0.2838081273749852
0.01,1.0,additive,3,0.2,50,0.2838502503528496
0.1,10.0,additive,5,0.1,100,0.2840007286163514
0.1,0.1,additive,7,0.1,100,0.2840167631428824
0.1,1.0,additive,3,0.2,200,0.2840701708553295
0.1,1.0,additive,7,0.2,50,0.28410934708926217
0.05,0.1,additive,7,0.2,100,0.28415531553691753
0.01,1.0,multiplicative,7,0.1,50,0.28416482011823746
0.01,0.1,multiplicative,3,0.2,50,0.2842146198939595
0.5,0.1,additive,7,0.1,50,0.2842530575436355
0.3,1.0,additive,7,0.1,200,0.28433932701688397
0.01,10.0,additive,3,0.2,100,0.28444052240134843
0.05,1.0,multiplicative,5,0.1,50,0.2845153130982995
0.3,0.1,additive,7,0.2,200,0.28472814618584263
0.3,10.0,additive,3,0.2,50,0.28474574327825386
0.1,10.0,additive,5,0.2,100,0.2847463983919383
0.01,10.0,additive,7,0.1,100,0.28477365584723946
0.5,10.0,multiplicative,5,0.1,50,0.28483677286228093
0.01,0.1,multiplicative,7,0.2,100,0.28486604765588464
0.05,0.1,multiplicative,7,0.2,200,0.28487167478781505
0.01,10.0,additive,5,0.1,100,0.2849503404843521
0.01,10.0,additive,3,0.1,50,0.2849904998498013
0.01,0.1,additive,3,0.1,100,0.2850290484822666
0.01,1.0,multiplicative,7,0.1,200,0.2851107106532579
0.1,1.0,multiplicative,5,0.2,100,0.2851189952163912
0.3,0.1,additive,3,0.1,200,0.28516608487873146
0.5,1.0,multiplicative,7,0.2,100,0.285199507384266
0.3,10.0,additive,5,0.1,200,0.28525395044039337
0.05,0.1,additive,5,0.2,100,0.2852736895051339
0.3,1.0,additive,3,0.1,200,0.2853201018329343
0.3,1.0,additive,3,0.2,50,0.28536276363020996
0.05,10.0,additive,3,0.1,200,0.28541932092568184
0.3,1.0,additive,7,0.2,200,0.28544340377117805
0.05,1.0,additive,7,0.2,200,0.2854438893917246
0.5,10.0,additive,7,0.1,100,0.2855028482050397
0.01,10.0,additive,3,0.1,200,0.28553587504389155
0.1,0.1,additive,3,0.2,50,0.2856350527836087
0.1,0.1,multiplicative,3,0.1,100,0.2856407385804006
0.3,10.0,additive,7,0.2,200,0.28566212148813386
0.05,0.1,additive,7,0.2,50,0.285681807937634
0.05,0.1,additive,5,0.2,50,0.2857600472267398
0.5,0.1,additive,5,0.2,50,0.2857967398506358
0.1,1.0,additive,3,0.1,100,0.2858503323082839
0.1,10.0,additive,3,0.2,100,0.2859398755418855
0.5,10.0,additive,5,0.1,200,0.2859415041739942
0.3,1.0,additive,7,0.2,100,0.28595001263553677
0.5,0.1,additive,7,0.1,100,0.285996475402573
0.3,0.1,additive,3,0.2,50,0.2860599916902775
0.01,1.0,additive,3,0.1,100,0.286106824997441
0.3,0.1,additive,7,0.2,50,0.2861605595761021
0.1,0.1,multiplicative,7,0.2,200,0.28619905333854967
0.5,1.0,multiplicative,7,0.1,200,0.286203712637219
0.1,1.0,multiplicative,3,0.2,50,0.2863116435651948
0.01,1.0,multiplicative,7,0.2,100,0.28632534430479417
0.3,10.0,multiplicative,7,0.2,200,0.2863433837406907
0.5,0.1,additive,7,0.2,100,0.28642223019456786
0.05,1.0,multiplicative,3,0.2,100,0.2864510667053404
0.05,0.1,additive,7,0.2,200,0.28645570016120797
0.05,1.0,additive,3,0.1,100,0.2864876090676074
0.3,1.0,multiplicative,7,0.2,200,0.2865220593394677
0.01,10.0,multiplicative,3,0.2,50,0.2865286803786439
0.3,0.1,multiplicative,7,0.1,50,0.28656523872467077
0.3,0.1,additive,7,0.1,100,0.2866367143820636
0.01,10.0,multiplicative,3,0.2,200,0.28663841970750026
0.1,0.1,additive,7,0.2,100,0.2866419284792988
0.01,1.0,multiplicative,3,0.1,100,0.2867204129688893
0.05,10.0,multiplicative,7,0.2,200,0.28676339537837037
0.05,0.1,additive,3,0.2,200,0.2868739872491592
0.1,10.0,multiplicative,3,0.2,100,0.2869213653551387
0.3,10.0,additive,5,0.2,50,0.2869550421894594
0.3,0.1,additive,5,0.2,100,0.2871827069333236
0.1,0.1,multiplicative,7,0.2,50,0.2872314013580488
0.3,1.0,multiplicative,7,0.1,100,0.2872625654819549
0.1,1.0,additive,7,0.2,100,0.2872750697197848
0.05,1.0,multiplicative,7,0.2,50,0.2872813288575738
0.3,1.0,multiplicative,5,0.1,50,0.2874155212908538
0.3,1.0,additive,5,0.2,100,0.28745588428830326
0.3,10.0,additive,3,0.2,200,0.2875103883634904
0.3,0.1,additive,5,0.2,200,0.2875288573192686
0.5,10.0,multiplicative,7,0.1,100,0.2875764431630171
0.01,1.0,multiplicative,3,0.2,200,0.28761304660640663
0.05,1.0,multiplicative,3,0.2,50,0.2876172074731941
0.3,10.0,additive,7,0.1,50,0.28765846385957927
0.05,0.1,multiplicative,3,0.2,50,0.2876899973739452
0.01,1.0,additive,3,0.1,50,0.2877079505917755
0.3,0.1,additive,3,0.2,100,0.287721432636206
0.01,0.1,multiplicative,3,0.2,100,0.28777117903233024
0.05,1.0,additive,3,0.2,100,0.28782385460798093
0.05,10.0,additive,3,0.1,100,0.2878366946170756
0.1,0.1,additive,3,0.2,100,0.28792032878459306
0.01,0.1,additive,3,0.2,200,0.28797682481057085
0.05,0.1,multiplicative,5,0.2,100,0.28808293213027186
0.05,10.0,additive,3,0.1,50,0.28812410150461987
0.05,10.0,multiplicative,3,0.1,100,0.2881912519851339
0.3,1.0,additive,7,0.2,50,0.288229191024855
0.05,0.1,multiplicative,3,0.2,200,0.2882651785302245
0.05,1.0,additive,3,0.1,200,0.2883325667394872
0.3,10.0,multiplicative,7,0.1,200,0.2883385074747269
0.05,10.0,multiplicative,3,0.1,200,0.288341326051062
0.1,10.0,multiplicative,3,0.2,50,0.28834341752173986
0.1,1.0,additive,3,0.1,200,0.2883835013517947
0.3,0.1,multiplicative,5,0.1,100,0.28842598174100914
0.05,1.0,multiplicative,3,0.1,100,0.2884362575495101
0.3,1.0,additive,5,0.1,100,0.28844760865380725
0.01,10.0,additive,3,0.2,50,0.28848243011002106
0.05,0.1,additive,7,0.1,50,0.2885772603151482
0.1,0.1,additive,3,0.2,200,0.2885810425631987
0.1,0.1,multiplicative,3,0.2,100,0.28860324002512616
0.1,1.0,multiplicative,7,0.1,50,0.28863450676146585
0.3,0.1,additive,3,0.2,200,0.28864674416603386
0.5,10.0,additive,5,0.1,50,0.28864874985997013
0.05,1.0,additive,3,0.2,50,0.2886505921665879
0.3,0.1,additive,5,0.1,50,0.28878610033873475
0.3,10.0,multiplicative,7,0.2,50,0.288813286105162
0.1,1.0,additive,3,0.2,100,0.2888444057737481
0.3,10.0,additive,5,0.1,50,0.28887699269545175
0.3,1.0,additive,5,0.2,200,0.28893602491133386
0.05,1.0,additive,3,0.2,200,0.28894431749326493
0.3,10.0,additive,3,0.1,200,0.28898394061676774
0.3,0.1,additive,5,0.2,50,0.2890607570296172
0.01,1.0,additive,3,0.1,200,0.289084314344919
0.01,10.0,multiplicative,7,0.2,200,0.28911677939438046
0.01,10.0,additive,3,0.2,200,0.2891734803162845
0.05,1.0,additive,3,0.1,50,0.28917683028845936
0.01,1.0,multiplicative,7,0.2,200,0.28920688401520156
0.1,0.1,multiplicative,3,0.2,50,0.2892238709303195
0.05,1.0,multiplicative,3,0.1,200,0.2892616250478881
0.3,0.1,multiplicative,7,0.1,100,0.2892628234365566
0.3,0.1,multiplicative,7,0.2,100,0.28929308974329926
0.3,1.0,additive,5,0.1,50,0.2893725076348889
0.5,0.1,additive,7,0.2,200,0.28945982863607533
0.1,10.0,multiplicative,3,0.1,200,0.28947386687587995
0.5,0.1,additive,7,0.2,50,0.2895167547086805
0.5,1.0,multiplicative,7,0.1,50,0.28962669370410776
0.3,1.0,additive,3,0.1,100,0.2896411702779752
0.05,0.1,multiplicative,3,0.1,200,0.289796418309922
0.01,1.0,multiplicative,3,0.1,50,0.2899139962844859
0.5,10.0,additive,7,0.2,100,0.2900632644624751
0.5,10.0,additive,5,0.1,100,0.29024780353337815
0.5,0.1,additive,5,0.2,200,0.2903280997782427
0.3,0.1,additive,3,0.1,50,0.2903781380848854
0.05,1.0,multiplicative,5,0.2,100,0.29058824706020003
0.5,0.1,additive,5,0.1,50,0.2906123861766612
0.05,10.0,multiplicative,3,0.2,100,0.2906318399394269
0.3,0.1,multiplicative,5,0.1,200,0.2906610646974733
0.5,10.0,multiplicative,5,0.2,50,0.2906942650154352
0.05,0.1,multiplicative,7,0.1,50,0.2907032323019834
0.1,0.1,additive,3,0.1,50,0.29076358615482767
0.5,0.1,multiplicative,5,0.2,200,0.2911013873220287
0.3,10.0,additive,7,0.1,200,0.2911094283943835
0.1,0.1,additive,3,0.1,200,0.29113352812182647
0.1,1.0,additive,7,0.1,50,0.2913164051378588
0.1,1.0,multiplicative,3,0.2,200,0.29137237121037113
0.1,10.0,additive,5,0.1,200,0.2913991879161181
0.5,10.0,additive,7,0.2,50,0.29141537978552845
0.3,0.1,multiplicative,5,0.2,200,0.29153181626958213
0.5,10.0,additive,5,0.2,100,0.29161756957279095
0.1,10.0,multiplicative,3,0.1,50,0.29163041050868943
0.3,0.1,multiplicative,7,0.2,50,0.29163467402942067
0.5,10.0,additive,7,0.2,200,0.2918781122178895
0.3,0.1,additive,3,0.1,100,0.2919294236403777
0.1,0.1,additive,5,0.2,50,0.29194314327839155
0.05,0.1,multiplicative,3,0.1,50,0.29197308713669246
0.5,10.0,additive,3,0.1,200,0.292070898902002
0.1,1.0,multiplicative,3,0.1,100,0.2920757919754934
0.5,1.0,additive,3,0.2,50,0.29208944745709664
0.01,0.1,multiplicative,3,0.1,50,0.29213694959703096
0.5,0.1,multiplicative,5,0.1,100,0.29215040103787404
0.05,0.1,multiplicative,3,0.2,100,0.292263831576797
0.3,1.0,multiplicative,5,0.2,200,0.2923853102066438
0.1,1.0,multiplicative,3,0.1,200,0.2924027939654019
0.3,1.0,multiplicative,5,0.1,100,0.29242341638325664
0.3,0.1,multiplicative,7,0.2,200,0.29243522993027427
0.5,0.1,additive,5,0.2,100,0.2925038894900684
0.05,1.0,additive,7,0.2,100,0.29250964536307034
0.3,1.0,additive,7,0.1,50,0.29253260003715353
0.5,0.1,multiplicative,5,0.2,50,0.29256599052644283
0.5,10.0,multiplicative,5,0.1,100,0.2925743206143774
0.1,1.0,additive,5,0.2,50,0.29257845217203693
0.01,0.1,additive,3,0.1,50,0.29262157424291235
0.3,10.0,multiplicative,5,0.1,200,0.29262304826184937
0.5,0.1,additive,3,0.2,200,0.2927210634204501
0.3,1.0,multiplicative,7,0.2,100,0.29273671035748927
0.5,0.1,additive,3,0.2,100,0.2928102759945569
0.3,0.1,additive,7,0.1,200,0.29283891650613125
0.5,1.0,additive,7,0.2,100,0.2929090780920248
0.5,10.0,additive,5,0.2,200,0.292963442554805
0.5,10.0,additive,3,0.2,50,0.2929760670862728
0.3,10.0,multiplicative,7,0.1,100,0.2930304061482013
0.1,1.0,additive,3,0.1,50,0.29308530201619654
0.5,0.1,additive,3,0.1,200,0.29309356165378364
0.5,10.0,additive,3,0.2,200,0.2931205502752259
0.3,10.0,multiplicative,5,0.1,100,0.2931637793670743
0.5,10.0,additive,7,0.1,200,0.29317274925760406
0.5,1.0,additive,3,0.1,100,0.2931958445801487
0.5,1.0,additive,5,0.1,100,0.29332208510729
0.3,10.0,multiplicative,5,0.2,100,0.2933625598473632
0.01,0.1,multiplicative,3,0.2,200,0.2933672861725415
0.1,1.0,additive,7,0.2,200,0.29345974121545804
0.05,0.1,additive,3,0.1,50,0.2934705878404241
0.3,10.0,additive,3,0.1,100,0.2934848434975492
0.3,0.1,multiplicative,3,0.1,100,0.29357570894431323
0.1,0.1,multiplicative,5,0.2,100,0.2936272922613459
0.01,10.0,multiplicative,3,0.1,50,0.2936346488621706
0.5,0.1,multiplicative,5,0.1,200,0.2939295500985355
0.1,10.0,additive,3,0.1,50,0.2940659073681914
0.3,10.0,multiplicative,5,0.2,50,0.294257420291437
0.1,1.0,additive,3,0.2,50,0.2943137057100431
0.3,0.1,multiplicative,5,0.2,50,0.29448295639816247
0.3,10.0,multiplicative,5,0.1,50,0.2946172410217667
0.05,10.0,additive,3,0.2,100,0.2946315773269411
0.3,10.0,multiplicative,3,0.2,200,0.2946417361304582
0.5,1.0,additive,7,0.2,200,0.2946530027373859
0.1,10.0,additive,3,0.2,50,0.2947837726045334
0.3,10.0,additive,7,0.2,50,0.2948845172510767
0.3,1.0,multiplicative,3,0.1,50,0.29493271564034507
0.1,0.1,multiplicative,7,0.2,100,0.29497636931863835
0.3,10.0,additive,5,0.1,100,0.29498130360246777
0.1,0.1,additive,3,0.1,100,0.2950284632165965
0.1,0.1,multiplicative,3,0.2,200,0.29504135591829656
0.3,1.0,multiplicative,7,0.2,50,0.2950648857563335
0.5,0.1,multiplicative,7,0.2,100,0.2951278921055842
0.1,10.0,multiplicative,7,0.2,200,0.29525733137298604
0.3,10.0,multiplicative,3,0.1,200,0.29531220603360386
0.5,10.0,multiplicative,3,0.1,200,0.2953869159654128
0.3,1.0,multiplicative,7,0.1,50,0.29540994404466125
0.5,1.0,additive,3,0.1,200,0.2954554780806212
0.05,1.0,multiplicative,5,0.2,200,0.2955338238600377
0.3,10.0,multiplicative,5,0.2,200,0.29563238015671933
0.5,10.0,additive,3,0.1,100,0.2956798688842561
0.5,0.1,multiplicative,7,0.1,100,0.2956835850782822
0.5,1.0,additive,7,0.2,50,0.29569084578211224
0.1,10.0,additive,3,0.1,100,0.2958054235558305
0.1,10.0,multiplicative,3,0.1,100,0.2958670428740884
0.5,0.1,additive,3,0.1,100,0.29604073264303526
0.5,1.0,additive,7,0.1,100,0.2961483561166136
0.1,10.0,multiplicative,5,0.1,200,0.29638955271406475
0.5,10.0,additive,3,0.2,100,0.2963896286369837
0.5,10.0,multiplicative,7,0.1,50,0.2964657438586005
0.5,0.1,multiplicative,5,0.1,50,0.2965959422643022
0.5,0.1,multiplicative,3,0.1,100,0.29664170986747995
0.5,1.0,additive,7,0.1,200,0.29666246779092525
0.5,1.0,multiplicative,7,0.2,50,0.29666416551165165
0.3,10.0,multiplicative,3,0.2,100,0.2966772960698454
0.1,0.1,multiplicative,3,0.1,200,0.2968269737458564
0.1,1.0,multiplicative,3,0.1,50,0.2968988774690189
0.5,0.1,additive,3,0.1,50,0.2969208094849014
0.5,0.1,multiplicative,7,0.2,50,0.29709169999819474
0.3,1.0,multiplicative,3,0.1,200,0.2973068400448894
0.05,10.0,multiplicative,3,0.2,50,0.2978315625954432
0.5,1.0,multiplicative,5,0.1,200,0.29788940598832014
0.05,10.0,multiplicative,3,0.1,50,0.2979294137196592
0.5,0.1,multiplicative,3,0.2,200,0.29814307102301985
0.5,1.0,additive,5,0.2,50,0.29829941477945215
0.5,1.0,additive,7,0.1,50,0.2984232282572307
0.3,1.0,multiplicative,5,0.2,50,0.29851703790092254
0.3,0.1,multiplicative,3,0.2,50,0.29870478090152575
0.1,1.0,multiplicative,3,0.2,100,0.29875356452352986
0.05,1.0,multiplicative,3,0.1,50,0.2989869888539506
0.5,10.0,multiplicative,5,0.2,100,0.29905022617828814
0.3,10.0,additive,3,0.2,100,0.29930380103320153
0.5,1.0,multiplicative,3,0.1,100,0.299324533365704
0.5,10.0,multiplicative,7,0.1,200,0.29932565707543
0.3,0.1,multiplicative,3,0.1,50,0.29939657514929857
0.5,0.1,multiplicative,5,0.2,100,0.2995750589078926
0.3,1.0,multiplicative,5,0.2,100,0.2996154654175586
0.3,1.0,multiplicative,5,0.1,200,0.29969961836883385
0.5,0.1,additive,5,0.1,100,0.29978287967993866
0.5,10.0,additive,3,0.1,50,0.2997916382918591
0.5,10.0,multiplicative,7,0.2,50,0.29983918666850673
0.3,1.0,additive,3,0.1,50,0.30006218404899554
0.3,0.1,multiplicative,3,0.2,100,0.3002069808968832
0.5,0.1,multiplicative,7,0.1,200,0.30056283082864077
0.5,1.0,additive,3,0.2,100,0.3005720700765581
0.5,10.0,multiplicative,3,0.2,100,0.30067173983302187
0.3,10.0,additive,3,0.1,50,0.30089248079352815
0.5,10.0,multiplicative,3,0.1,50,0.3009772817030434
0.5,0.1,multiplicative,7,0.1,50,0.3009869012885323
0.5,10.0,multiplicative,3,0.1,100,0.3011844002478221
0.3,10.0,multiplicative,3,0.1,50,0.30138215098849835
0.5,1.0,multiplicative,3,0.1,200,0.3016666160761089
0.3,1.0,additive,3,0.2,100,0.301691785347022
0.5,10.0,multiplicative,7,0.2,100,0.30181268181405474
0.3,1.0,multiplicative,3,0.2,50,0.30219893988572993
0.5,1.0,additive,5,0.2,100,0.302568394359778
0.3,10.0,multiplicative,3,0.2,50,0.30263266708511105
0.5,1.0,multiplicative,3,0.2,200,0.30286431541747993
0.3,0.1,multiplicative,3,0.1,200,0.3031306560194402
0.05,10.0,multiplicative,3,0.2,200,0.30318440303240857
0.5,1.0,multiplicative,7,0.2,200,0.3036800327796003
0.5,0.1,multiplicative,7,0.2,200,0.303783922842767
0.5,0.1,multiplicative,3,0.2,100,0.30423794545765465
0.5,1.0,multiplicative,3,0.2,100,0.3044180211352254
0.5,0.1,multiplicative,3,0.1,50,0.30461848407832487
0.1,0.1,multiplicative,3,0.1,50,0.30502810165246613
0.5,1.0,multiplicative,5,0.1,50,0.30518263705610865
0.1,10.0,multiplicative,7,0.01,200,0.3052989732463608
0.5,1.0,multiplicative,3,0.1,50,0.3054044934683515
0.5,1.0,additive,3,0.1,50,0.30564104231894124
0.5,1.0,multiplicative,7,0.1,100,0.30564926237579043
0.5,1.0,multiplicative,5,0.1,100,0.3058005630561995
0.5,10.0,additive,5,0.2,50,0.305814553509674
0.3,10.0,multiplicative,3,0.1,100,0.3059971461952878
0.5,1.0,multiplicative,5,0.2,50,0.30607088018317674
0.3,0.1,multiplicative,5,0.1,50,0.3062032842653772
0.5,0.1,multiplicative,3,0.1,200,0.30681658975378523
0.5,10.0,multiplicative,5,0.1,200,0.3072036857503313
0.5,10.0,multiplicative,3,0.2,50,0.30752230972706196
0.1,0.1,multiplicative,5,0.01,200,0.30776810555966516
0.5,0.1,multiplicative,3,0.2,50,0.3080489475155708
0.5,0.1,additive,3,0.2,50,0.3080708164205469
0.5,1.0,additive,5,0.2,200,0.30826177340292615
0.05,1.0,multiplicative,7,0.01,200,0.3083610636654289
0.5,1.0,additive,5,0.1,50,0.3084522339107752
0.5,1.0,additive,3,0.2,200,0.3085551904244921
0.5,1.0,multiplicative,5,0.2,100,0.30894283681168794
0.3,1.0,multiplicative,3,0.1,100,0.3090326355406442
0.05,1.0,multiplicative,5,0.01,200,0.30913439298145523
0.05,10.0,multiplicative,5,0.01,200,0.30960169942977556
0.5,10.0,multiplicative,5,0.2,200,0.3097795746034695
0.1,10.0,multiplicative,5,0.01,200,0.3103440898559967
0.3,10.0,additive,7,0.01,200,0.3106638616798081
0.3,0.1,multiplicative,3,0.2,200,0.31076184085827946
0.5,10.0,multiplicative,3,0.2,200,0.3109291541085515
0.5,1.0,additive,5,0.1,200,0.31093368371533214
0.3,1.0,multiplicative,7,0.1,200,0.3111379475224889
0.05,1.0,additive,5,0.01,200,0.31118130466250105
0.1,10.0,additive,5,0.01,200,0.31123992799670885
0.05,0.1,additive,7,0.01,200,0.3114935964426696
0.5,1.0,multiplicative,3,0.2,50,0.3116013007213873
0.05,0.1,multiplicative,7,0.01,200,0.31169482977253204
0.5,10.0,multiplicative,5,0.01,200,0.31186693487655415
0.1,1.0,multiplicative,7,0.01,200,0.3119416392951967
0.3,1.0,additive,5,0.2,50,0.31252563553401846
0.5,0.1,additive,5,0.01,200,0.3127602361249234
0.3,1.0,multiplicative,3,0.2,100,0.31312930249945276
0.05,0.1,additive,5,0.01,200,0.3132632572226688
0.3,1.0,additive,5,0.01,200,0.31353501782862825
0.1,0.1,multiplicative,7,0.01,200,0.3138463188905989
0.3,1.0,additive,7,0.01,200,0.3138919363311522
0.01,10.0,multiplicative,5,0.01,200,0.3139953197745423
0.1,0.1,additive,5,0.01,200,0.3142166604051617
0.05,10.0,additive,5,0.01,200,0.31444378214818813
0.01,1.0,multiplicative,5,0.01,200,0.31450120183854013
0.3,0.1,multiplicative,7,0.01,200,0.31460766239724647
0.5,1.0,multiplicative,7,0.01,200,0.3147084654888276
0.3,10.0,multiplicative,7,0.01,200,0.31486521719097393
0.1,1.0,multiplicative,5,0.01,200,0.31499118260572223
0.3,0.1,additive,7,0.01,200,0.31531145651466064
0.05,0.1,multiplicative,5,0.01,200,0.31537408141378787
0.05,1.0,additive,7,0.01,200,0.31539945051155865
0.5,10.0,additive,7,0.01,200,0.31572114228371717
0.01,10.0,multiplicative,7,0.01,200,0.31587767655272453
0.05,10.0,additive,7,0.01,200,0.3160207844145803
0.3,0.1,multiplicative,5,0.01,200,0.31620418552737994
0.1,1.0,additive,7,0.01,200,0.31645758021812387
0.01,1.0,additive,5,0.01,200,0.31667586765789146
0.01,0.1,multiplicative,7,0.01,200,0.3168607981441308
0.1,1.0,additive,5,0.01,200,0.3169198644616702
0.1,10.0,additive,7,0.01,200,0.3169601254325505
0.01,1.0,additive,7,0.01,200,0.31725577804704896
0.01,10.0,additive,5,0.01,200,0.31730669653113863
0.01,0.1,additive,5,0.01,200,0.3175625251296817
0.05,10.0,multiplicative,7,0.01,200,0.3179746401826433
0.5,10.0,additive,5,0.01,200,0.318040555326998
0.3,10.0,additive,5,0.01,200,0.3181244711901774
0.3,10.0,multiplicative,5,0.01,200,0.3182820646487622
0.5,0.1,additive,7,0.01,200,0.318759427936456
0.3,1.0,multiplicative,3,0.2,200,0.3191704902194783
0.01,10.0,additive,7,0.01,200,0.31933739263914496
0.3,1.0,multiplicative,7,0.01,200,0.3203628420381734
0.5,1.0,additive,5,0.01,200,0.32070943977322197
0.01,0.1,additive,7,0.01,200,0.32084941125752253
0.5,10.0,multiplicative,7,0.01,200,0.32086751211845477
0.1,0.1,additive,7,0.01,200,0.32253856721331775
0.5,0.1,multiplicative,5,0.01,200,0.3240119783731268
0.3,0.1,additive,5,0.01,200,0.32413854044868023
0.5,0.1,multiplicative,7,0.01,200,0.3247410036216205
0.01,0.1,multiplicative,5,0.01,200,0.3266467008232604
0.3,1.0,multiplicative,5,0.01,200,0.3270901821994296
0.01,1.0,multiplicative,7,0.01,200,0.3287239975895088
0.5,1.0,additive,7,0.01,200,0.33091937797267457
0.5,1.0,multiplicative,5,0.01,200,0.33254342120062974
0.01,1.0,additive,3,0.01,200,0.34256842881091143
0.01,0.1,additive,3,0.01,200,0.34289417786091936
0.1,1.0,additive,3,0.01,200,0.34291457423636235
0.01,10.0,additive,3,0.01,200,0.34297932433464745
0.3,1.0,additive,3,0.01,200,0.34299563533362665
0.3,10.0,additive,3,0.01,200,0.34344685399125163
0.05,1.0,additive,3,0.01,200,0.34363244046493574
0.1,0.1,additive,3,0.01,200,0.3438162048095629
0.5,10.0,additive,3,0.01,200,0.3443156366787157
0.3,0.1,additive,3,0.01,200,0.3449257905258156
0.05,0.1,additive,3,0.01,200,0.345287595880601
0.5,1.0,additive,3,0.01,200,0.3454100459151898
0.05,10.0,additive,3,0.01,200,0.34620877513737486
0.05,10.0,multiplicative,3,0.01,200,0.34681183695567586
0.1,10.0,additive,3,0.01,200,0.34744629221881057
0.05,1.0,multiplicative,3,0.01,200,0.34867988818524265
0.1,1.0,multiplicative,3,0.01,200,0.3487779176772282
0.5,0.1,additive,3,0.01,200,0.3488293339604357
0.05,0.1,multiplicative,3,0.01,200,0.3495018089876847
0.01,1.0,multiplicative,3,0.01,200,0.349868796892577
0.01,10.0,multiplicative,3,0.01,200,0.3499137953108068
0.3,0.1,multiplicative,3,0.01,200,0.3500277137338336
0.01,0.1,multiplicative,3,0.01,200,0.35057063182823894
0.3,10.0,multiplicative,3,0.01,200,0.35072207052817345
0.5,10.0,multiplicative,3,0.01,200,0.3514363003315978
0.1,10.0,multiplicative,3,0.01,200,0.35207099677530407
0.5,0.1,multiplicative,3,0.01,200,0.3522481625229721
0.1,0.1,multiplicative,3,0.01,200,0.3532152688743366
0.5,1.0,multiplicative,3,0.01,200,0.3535221117065751
0.3,1.0,multiplicative,3,0.01,200,0.3551044184856509
0.5,0.1,additive,7,0.01,100,0.4685361773111136
0.05,0.1,multiplicative,5,0.01,100,0.4716763932065177
0.3,0.1,additive,5,0.01,100,0.4721899830304425
0.05,10.0,multiplicative,5,0.01,100,0.47305804187643136
0.1,0.1,multiplicative,5,0.01,100,0.47323775094826326
0.1,1.0,additive,5,0.01,100,0.4757483640180635
0.05,1.0,multiplicative,7,0.01,100,0.4758006526118763
0.1,10.0,additive,5,0.01,100,0.4760356606144768
0.3,0.1,additive,7,0.01,100,0.47633674756348776
0.1,0.1,additive,7,0.01,100,0.4764354078977153
0.5,10.0,multiplicative,7,0.01,100,0.47655817263581224
0.05,0.1,multiplicative,7,0.01,100,0.47675047880772614
0.1,1.0,additive,7,0.01,100,0.4768024858723945
0.1,1.0,multiplicative,5,0.01,100,0.476811486095511
0.1,10.0,additive,7,0.01,100,0.4770555668870252
0.05,1.0,additive,5,0.01,100,0.4771685869661112
0.5,10.0,additive,7,0.01,100,0.47732961702856047
0.5,10.0,additive,5,0.01,100,0.4773722204361427
0.3,1.0,additive,5,0.01,100,0.47747500988895253
0.3,10.0,multiplicative,7,0.01,100,0.4775990899282663
0.3,1.0,multiplicative,7,0.01,100,0.47787361415008744
0.05,10.0,additive,5,0.01,100,0.47789481246212195
0.05,1.0,multiplicative,5,0.01,100,0.47821071712836805
0.5,0.1,multiplicative,7,0.01,100,0.4782612535590485
0.05,10.0,additive,7,0.01,100,0.4784535625246371
0.5,1.0,multiplicative,7,0.01,100,0.4784709440304264
0.1,0.1,additive,5,0.01,100,0.47848760346612274
0.3,10.0,additive,5,0.01,100,0.47868160327468123
0.05,0.1,additive,7,0.01,100,0.4788707657678153
0.5,0.1,additive,5,0.01,100,0.47901931549690463
0.1,1.0,multiplicative,7,0.01,100,0.4792097317652755
0.05,1.0,additive,7,0.01,100,0.4792856852626246
0.3,10.0,additive,7,0.01,100,0.4794847681622109
0.1,10.0,multiplicative,7,0.01,100,0.47955031976218276
0.01,10.0,multiplicative,5,0.01,100,0.47986604675608574
0.05,0.1,additive,5,0.01,100,0.4799266701034529
0.5,0.1,multiplicative,5,0.01,100,0.4800885156039214
0.3,0.1,multiplicative,5,0.01,100,0.4804824817237646
0.05,10.0,multiplicative,7,0.01,100,0.480567890053315
0.01,1.0,multiplicative,5,0.01,100,0.48068768903483383
0.01,0.1,multiplicative,5,0.01,100,0.48071677844677896
0.1,10.0,multiplicative,5,0.01,100,0.48076707080353853
0.01,10.0,additive,7,0.01,100,0.4807726170644988
0.1,0.1,multiplicative,7,0.01,100,0.4815673634224591
0.5,10.0,multiplicative,5,0.01,100,0.48192633917332345
0.3,1.0,multiplicative,5,0.01,100,0.4819305612626306
0.3,1.0,additive,7,0.01,100,0.4819887163310772
0.3,0.1,multiplicative,7,0.01,100,0.48294169730813796
0.01,10.0,additive,5,0.01,100,0.4830437593493714
0.5,1.0,additive,5,0.01,100,0.4834096538104671
0.01,0.1,additive,5,0.01,100,0.48402531117639586
0.01,1.0,additive,7,0.01,100,0.4844230924062207
0.3,10.0,multiplicative,5,0.01,100,0.48495876324095927
0.01,1.0,additive,5,0.01,100,0.48531597058523096
0.5,1.0,multiplicative,5,0.01,100,0.4858330703601842
0.01,0.1,multiplicative,7,0.01,100,0.486745321761135
0.01,1.0,multiplicative,7,0.01,100,0.4867503288626047
0.5,1.0,additive,7,0.01,100,0.48789226106241523
0.01,10.0,multiplicative,7,0.01,100,0.49187645311390615
0.01,0.1,additive,7,0.01,100,0.49211411127068583
0.1,10.0,additive,3,0.01,100,0.5000132202253605
0.05,0.1,additive,3,0.01,100,0.5002866477592799
0.3,10.0,additive,3,0.01,100,0.5008883999597549
0.1,1.0,additive,3,0.01,100,0.5014946023280556
0.01,1.0,multiplicative,3,0.01,100,0.50230727375317
0.1,1.0,multiplicative,3,0.01,100,0.5023949157795782
0.01,0.1,multiplicative,3,0.01,100,0.5025185339455545
0.1,0.1,additive,3,0.01,100,0.5027298725235942
0.5,10.0,additive,3,0.01,100,0.5028076920286632
0.5,0.1,additive,3,0.01,100,0.5029242935553648
0.01,1.0,additive,3,0.01,100,0.5030727758667801
0.3,0.1,additive,3,0.01,100,0.5031772052301134
0.1,0.1,multiplicative,3,0.01,100,0.5032042759646682
0.1,10.0,multiplicative,3,0.01,100,0.5037842610053408
0.5,1.0,additive,3,0.01,100,0.5038367657047056
0.5,0.1,multiplicative,3,0.01,100,0.5044278583365602
0.01,10.0,additive,3,0.01,100,0.5044826145443099
0.01,0.1,additive,3,0.01,100,0.5045572143212939
0.5,1.0,multiplicative,3,0.01,100,0.5052324415547742
0.05,10.0,additive,3,0.01,100,0.5052334764674433
0.05,0.1,multiplicative,3,0.01,100,0.5052367385151658
0.01,10.0,multiplicative,3,0.01,100,0.5054028597887366
0.3,1.0,multiplicative,3,0.01,100,0.5066270697774434
0.3,1.0,additive,3,0.01,100,0.5073024027208323
0.05,10.0,multiplicative,3,0.01,100,0.5073424176963716
0.5,10.0,multiplicative,3,0.01,100,0.5075574764003759
0.3,0.1,multiplicative,3,0.01,100,0.507776936329092
0.05,1.0,additive,3,0.01,100,0.5078159550770124
0.05,1.0,multiplicative,3,0.01,100,0.5080001821581961
0.3,10.0,multiplicative,3,0.01,100,0.5081189509077202
0.5,10.0,additive,5,0.01,50,0.6952383486012059
0.5,1.0,multiplicative,7,0.01,50,0.6953406062743287
0.5,0.1,additive,5,0.01,50,0.6954263147777254
0.5,0.1,additive,7,0.01,50,0.6955742918284563
0.5,1.0,additive,7,0.01,50,0.6958588838723379
0.5,10.0,multiplicative,7,0.01,50,0.6986119363419003
0.5,1.0,additive,5,0.01,50,0.6987900562155984
0.3,0.1,multiplicative,7,0.01,50,0.6989542685994499
0.1,1.0,multiplicative,5,0.01,50,0.6995694861706905
0.1,0.1,additive,5,0.01,50,0.6998011856751354
0.1,1.0,additive,5,0.01,50,0.7001871581839495
0.05,1.0,multiplicative,7,0.01,50,0.7005740728909247
0.05,0.1,additive,5,0.01,50,0.7005984680564388
0.3,10.0,multiplicative,7,0.01,50,0.7007204858539207
0.1,10.0,additive,5,0.01,50,0.7007641143096579
0.3,10.0,additive,7,0.01,50,0.7007722784526857
0.5,0.1,multiplicative,5,0.01,50,0.7008901256921038
0.3,10.0,multiplicative,5,0.01,50,0.7009752437674885
0.3,1.0,additive,5,0.01,50,0.701095131995178
0.3,1.0,multiplicative,7,0.01,50,0.7011475035116883
0.3,1.0,additive,7,0.01,50,0.7015313163511896
0.3,10.0,additive,5,0.01,50,0.7018281443543856
0.1,1.0,multiplicative,7,0.01,50,0.7018705783963155
0.01,10.0,multiplicative,5,0.01,50,0.7019141991306433
0.05,10.0,multiplicative,7,0.01,50,0.7020052261904979
0.5,1.0,multiplicative,5,0.01,50,0.702054947100762
0.1,10.0,additive,7,0.01,50,0.7021438574547967
0.05,10.0,multiplicative,5,0.01,50,0.7022036205854331
0.5,10.0,additive,7,0.01,50,0.7024932272482424
0.1,0.1,additive,7,0.01,50,0.7025426230677578
0.3,0.1,multiplicative,5,0.01,50,0.702839614467748
0.1,0.1,multiplicative,5,0.01,50,0.7031217002947949
0.3,0.1,additive,7,0.01,50,0.7032141718085223
0.05,10.0,additive,7,0.01,50,0.7032307515272157
0.5,10.0,multiplicative,5,0.01,50,0.703602281615537
0.05,1.0,multiplicative,5,0.01,50,0.7040129745049846
0.01,0.1,multiplicative,5,0.01,50,0.7040396111192679
0.5,0.1,multiplicative,7,0.01,50,0.7042045602637739
0.05,1.0,additive,7,0.01,50,0.7044439679851382
0.1,1.0,additive,7,0.01,50,0.7045111295694388
0.05,0.1,multiplicative,5,0.01,50,0.7049409760872751
0.01,10.0,additive,7,0.01,50,0.7051868827988786
0.1,10.0,multiplicative,7,0.01,50,0.7052483626353172
0.3,1.0,multiplicative,5,0.01,50,0.7054196721843089
0.01,1.0,additive,3,0.01,50,0.7055247069991707
0.01,10.0,additive,5,0.01,50,0.7058436822317621
0.01,0.1,multiplicative,7,0.01,50,0.7060463777889439
0.3,0.1,additive,5,0.01,50,0.7061335558000976
0.1,10.0,multiplicative,5,0.01,50,0.7064099358769691
0.05,1.0,additive,5,0.01,50,0.7064551161917199
0.05,0.1,multiplicative,7,0.01,50,0.7066447977042076
0.05,10.0,additive,5,0.01,50,0.7066786574128863
0.01,1.0,multiplicative,7,0.01,50,0.706718457901127
0.01,10.0,multiplicative,7,0.01,50,0.7073481880469776
0.01,0.1,additive,3,0.01,50,0.7074517603629661
0.05,0.1,additive,7,0.01,50,0.7077886252372694
0.01,1.0,additive,5,0.01,50,0.7083959090053079
0.01,1.0,additive,7,0.01,50,0.7084308463859097
0.01,0.1,additive,5,0.01,50,0.708498124356203
0.1,0.1,multiplicative,7,0.01,50,0.7087158636540254
0.01,0.1,additive,7,0.01,50,0.7096039269639383
0.3,10.0,multiplicative,3,0.01,50,0.7096380846724293
0.1,1.0,additive,3,0.01,50,0.7099186099606555
0.05,1.0,multiplicative,3,0.01,50,0.7103948130921776
0.1,10.0,multiplicative,3,0.01,50,0.7109032175861243
0.01,0.1,multiplicative,3,0.01,50,0.7115569971377038
0.01,1.0,multiplicative,5,0.01,50,0.7122299201959734
0.3,0.1,additive,3,0.01,50,0.7124588683035111
0.3,10.0,additive,3,0.01,50,0.7125263305860468
0.5,1.0,additive,3,0.01,50,0.7126140642481305
0.3,1.0,additive,3,0.01,50,0.7127287221630567
0.3,1.0,multiplicative,3,0.01,50,0.7127570424100725
0.05,10.0,additive,3,0.01,50,0.7130989682841314
0.1,1.0,multiplicative,3,0.01,50,0.7133892850953321
0.05,10.0,multiplicative,3,0.01,50,0.7134352539300491
0.5,1.0,multiplicative,3,0.01,50,0.713615074353247
0.01,10.0,multiplicative,3,0.01,50,0.7138102958697023
0.05,0.1,additive,3,0.01,50,0.7141230978162248
0.01,10.0,additive,3,0.01,50,0.7141284920501482
0.5,0.1,multiplicative,3,0.01,50,0.7141745262250496
0.05,1.0,additive,3,0.01,50,0.7144376526370118
0.1,0.1,additive,3,0.01,50,0.7145831469190365
0.05,0.1,multiplicative,3,0.01,50,0.7147311797693143
0.5,10.0,additive,3,0.01,50,0.7148519076655957
0.3,0.1,multiplicative,3,0.01,50,0.715015904909063
0.1,10.0,additive,3,0.01,50,0.7151690298169391
0.01,1.0,multiplicative,3,0.01,50,0.7168055886476146
0.1,0.1,multiplicative,3,0.01,50,0.7169815621054816
0.5,0.1,additive,3,0.01,50,0.7170990821779373
0.5,10.0,multiplicative,3,0.01,50,0.7176208338744172
